disease,genes,score
type 2 diabetes mellitus,PIK3R1;PIK3C2A;LRP5;LRP6;COG2;PDE3B,135.6
carcinoma,ZNF673;PIK3R1;PIK3C2A;PIK3CG;LRP5;LRP6,125.8
pancreatitis,PIK3R1;PIK3C2A;PIK3CG;LRP5;PDCD1LG2;PDE3B,121
obesity,PIK3R1;PIK3C2A;PIK3CG;WDPCP;LRP5;COG2,118.2
prostatitis,ZNF673;PIK3R1;PIK3C2A;PIK3CG;LRP5;PDCD1,110.3
hypertension,PIK3R1;PIK3C2A;PIK3CG;WDPCP;LRP5;LRP6,106.6
cholesterol,PIK3R1;PIK3C2A;PIK3CG;LRP5;LRP6;COG2,105.4
thyroiditis,PIK3R1;PIK3C2A;PIK3CG;COG2;RECK;REN,103.7
leukemia,ZNF673;PIK3R1;PIK3C2A;PIK3CG;LRP5;LRP6,103.4
insulin resistance,PIK3R1;PIK3CG;COG2;PDE3B;REN;RETN,103.3
atherosclerosis,ZNF673;PIK3C2A;PIK3CG;LRP5;LRP6;COG2,103.2
neuronitis,PIK3R1;PIK3C2A;PIK3CG;LRP6;PDE3B;RECK,102.5
arthritis,PIK3CG;LRP5;SH2B3;PDCD1;PDCD1LG2;RECK,99.1
nephropathy,COG2;PDCD1;REG1A;REN;RETN;CNDP1,97.3
rheumatoid arthritis,PIK3CG;LRP5;SH2B3;PDCD1;PDCD1LG2;RECK,93.6
myocardial infarction,PIK3C2A;PIK3CG;SH2B3;COG2;PDCD1;RECK,91.7
alzheimer's disease,PIK3R1;PIK3CG;LRP6;COG2;RECK;REG1A,89.3
cerebritis,PIK3R1;PIK3C2A;PIK3CG;LRP6;COG2;REG1A,88.3
hepatocellular carcinoma,PIK3R1;PIK3CG;PDCD1;PDCD1LG2;RECK;REG1A,88.1
fibrosis,PIK3CG;RECK;REG1A;REN;RETN;CNR1,87.1
ischemia,PIK3C2A;PIK3CG;COG2;REN;RETN;CNR1,82.8
coronary heart disease,PIK3C2A;LRP5;COG2;RETN;CNDP1;VWF,82.7
hyperglycemia,PIK3R1;PIK3C2A;PIK3CG;SH2B3;COG2;RETN,81
ovarian cancer,ZNF673;PIK3R1;PIK3CG;PDCD1;RECK;VWF,78.6
retinitis,PIK3C2A;PIK3CG;LRP5;PDE3B;CNR1;CNR2,78.1
lupus erythematosus,PIK3C2A;PIK3CG;SH2B3;COG2;PDCD1;PDCD1LG2,78
hypoxia,PIK3R1;PIK3C2A;PIK3CG;LRP5;RECK;REN,75.5
type 1 diabetes mellitus,PIK3CG;LRP5;PDCD1;RETN;KIR3DL1;GCK,75.1
blindness,PIK3C2A;PIK3CG;LRP5;COG2;REN;CNR1,74.1
schizophrenia,PIK3R1;PIK3CG;RET;CNDP1;CNR1;CNR2,74
anemia,PDCD1;REN;VWF;GCLC;SELE;SELL,72.4
tuberculosis,PIK3CG;PDCD1;PDCD1LG2;PDE3B;CNDP1;CNDP2,72.3
peritonitis,PIK3C2A;COG2;PDE3B;REG1A;REN;RET,71.2
acute myocardial infarction,PIK3C2A;PIK3CG;COG2;REN;RETN;VWF,70.3
adenoma,RECK;REG1A;REG1B;REN;RET;RETN,70.1
colon cancer,PIK3R1;PIK3CG;LRP6;RECK;REG1A;RETN,69.6
inflammatory bowel disease,RETN;VWF;GCG;GC;RBP4;SELE,69.3
essential hypertension,COG2;REN;RETN;VWF;GCK;GCGR,69.2
cystic fibrosis,PIK3CG;RECK;REG1A;REN;VWF;GCLC,69
dementia,PIK3C2A;PIK3CG;VWF;GCKR;SELP;SERPINC1,67.1
neuropathy,ZNF673;PIK3C2A;PDE3B;REN;RETN;CNR1,66.3
psoriasis,RETN;CNR1;KIR2DS5;KIR3DS1;KIR3DL1;KIR2DS2,66
myeloma,PIK3R1;PIK3CG;LRP5;LRP6;RECK;KIR3DS1,65.7
homocysteine,PIK3R1;PIK3C2A;COG2;REN;RETN;VWF,65.3
diabetic retinopathy,PIK3CG;CNR1;VWF;RBP4;SELE;SELL,64.8
pulmonary disease,PIK3CG;LRP5;LRP6;REN;RET;RETN,64.7
pneumonia,PIK3C2A;COG2;CNDP1;CNDP2;RBP4;SELE,64.6
twinning,PIK3R1;COG2;REN;RETN;VWF;RDH5,64.5
hypercholesterolemia,PIK3C2A;COG2;RETN;VWF;GCG;RBP4,62.3
graves' disease,PDCD1;PDCD1LG2;RETN;KIR2DS5;KIR3DS1;KIR3DL1,61.5
hyperlipidemia,PIK3C2A;PIK3CG;COG2;RETN;VWF;GCK,60.2
thrombosis,PIK3C2A;PIK3CG;COG2;RECK;REN;RETN,60.2
eclampsia,REN;CNR1;KIR3DL1;VWF;SELE;SELL,59.8
myeloid leukemia,ZNF673;PIK3R1;PIK3C2A;PIK3CG;LRP5;PDCD1,59.7
multiple myeloma,PIK3R1;PIK3CG;RECK;KIR3DS1;VWF;RBP4,59.5
proteinuria,PIK3C2A;COG2;REN;VWF;RBP4;SELL,59.5
pre-eclampsia,REN;CNR1;KIR3DL1;VWF;SELE;SELL,59.4
osteoporosis,LRP5;LRP6;CNR1;CNR2;GCG;GC,59
nephrotic syndrome,PIK3C2A;REN;RETN;VWF;GC;RBP4,58.8
sarcoma,PIK3R1;PIK3C2A;PIK3CG;RECK;REN;RET,58.3
glomerulonephritis,REN;VWF;RBP4;SELP;SERPINC1;SERPINF2,57.8
celiac disease,SH2B3;REG1A;KIR3DL1;SELE;SELL;VDR,57.5
hypoglycemia,PIK3CG;PC;PCK2;PCSK1;PCK1;GCKR,57.4
lymphoblastic leukemia,PIK3CG;LRP5;COG2;RECK;KIR3DL1;VWF,56.8
infertility,PIK3C2A;RETN;GC;SERPINA1;SERPINE1;VEGFA,56.6
myopathy,PIK3R1;PIK3C2A;BTD;SELE;BSCL2;VDAC1,55.6
gingivitis,PIK3CG;CNR1;CNR2;SELE;SELL;SERPINF2,55.5
endometriosis,KIR3DS1;KIR3DL1;GC;SERPINC1;SERPINE1;NAT1,55
dermatitis,PIK3C2A;PDE3B;CNR1;BTD;SELE;SELL,54.8
adenocarcinoma,PIK3R1;PIK3C2A;PIK3CG;RECK;REG1A;RET,54.8
fatty liver disease,RETN;RDH5;GCKR;GCLC;RBP4;SELE,54.6
non-hodgkin lymphoma,PDCD1;CNR1;CNR2;KIR2DS5;KIR3DS1;KIR3DL1,54
gonococcal synovitis,PIK3R1;PIK3CG;PDCD1;PDE3B;RECK;REG1A,53.3
acute pancreatitis,PIK3C2A;REG1A;RETN;CNR1;CNR2;VWF,53.2
vascular disease,RECK;RETN;VWF;SELE;SELP;SERPINC1,53.2
hypertriglyceridemia,COG2;GCKR;RBP4;SELE;SELP;SERPINE1,53
duodenitis,PIK3CG;PC;GCK;GCG;LPL;VDR,52.9
nephritis,PDCD1;REN;VWF;RBP4;SELE;SELP,52.6
cerebral infarction,COG2;VWF;RBP4;SELP;SERPINC1;SERPINE1,51.8
"obesity, association with",RETN;CNR1;VWF;RBP4;SERPINA12;SERPINE1,51.2
aortic aneurysm,PIK3C2A;LRP5;REN;RETN;VWF;SELE,51.1
down syndrome,REG1A;RET;CNR1;CNR2;SERPINC1;SERPINE1,51
lipodystrophy,RETN;RBP4;SERPINE1;BSCL2;NAMPT;LPA,50.3
aldosteronism,PIK3R1;PIK3CG;REN;RETN;SERPINE1;NAGLU,49.9
bronchial asthma,PDE3B;SELE;SELL;SELP;SERPINA7;NAT2,49.9
systemic lupus erythematosus,PDCD1;RECK;VWF;RBP4;SELE;NAT2,49.9
vasculitis,SH2B3;PDCD1;REN;VWF;SELE;SELL,49.9
hyperthyroidism,PIK3C2A;COG2;REN;RETN;VWF;PC,49.5
acromegaly,RETN;GCG;GC;RBP4;SERPINC1;SERPINE1,49.5
immunodeficiency,PDCD1;KIR3DL1;SELL;LMOD1;BMP6;CLIP1,49.3
melanoma,PIK3R1;PIK3C2A;PIK3CG;PDCD1;PDCD1LG2;PDE3B,49
cerebrovascular disease,COG2;RECK;REN;RETN;VWF;SELE,48.9
sepsis,RECK;RETN;RBP4;SELE;SELL;SELP,48.9
neurodegeneration,PIK3CG;CNR1;CNR2;SERPINA3;BSCL2;VEGFA,48.4
insulinoma,PIK3CG;PC;PCSK1;GCK;GCG;BTC,48.3
ataxia,PIK3R1;PIK3CG;CNR2;KIF7;VWF;BTD,48.1
glaucoma,REN;RET;CNR1;VWF;SELE;SERPINE1,48
gestational diabetes,RETN;GCK;GCG;RBP4;NAMPT;PAPPA,48
purpura,RECK;VWF;SELE;SELP;SERPINC1;SERPINF2,47.6
uremia,REN;RET;RETN;VWF;SELL;SERPINC1,47.6
macular degeneration,LRP6;KIR3DL1;VWF;SELE;SELL;SELP,47.5
herpes simplex,PIK3CG;RECK;GC;BTLA;SERPINC1;SERPINE1,47.4
liver cirrhosis,REN;RETN;CNR1;CNR2;GCG;RBP4,46.9
burkitt's lymphoma,PIK3R1;PIK3CG;PDCD1;PDE3B;RECK;CNR1,46.8
gastric cancer,PIK3R1;PIK3CG;RECK;REG1A;RETN;VWF,46.6
kawasaki disease,PDCD1;VWF;SELE;SELL;SELP;SERPINA1,46.4
cataract,NAGLU;NAT1;NAT2;VEGFA;LMNA;BMP6,46.3
apnea,REN;RET;RETN;VWF;RBP4;SELE,46.3
endometrial cancer,PIK3R1;PIK3CG;RET;PCBD1;BTC;SERPINA1,46.3
seizures,PIK3C2A;CNR1;BTD;VEGFA;PARP1;PAX6,46.2
hypogonadism,RETN;PCSK1;GC;SERPINC1;SERPINE1;VDR,46
polyneuropathy,RBP4;SERPINA7;VEGFA;LPO;BMP6;CLU,46
choroiditis,PIK3CG;VWF;SELE;SERPINE1;VEGFA;VCAM1,45.8
congestive heart failure,PIK3C2A;PIK3CG;PDE3B;REN;RETN;VWF,45.6
ischemic heart disease,PIK3C2A;COG2;RETN;SELP;SERPINE1;LPA,45.2
viral hepatitis,SERPINC1;SERPINA1;SERPINA3;BGLAP;UROD;LEP,45.1
sleep apnea,REN;RET;RETN;VWF;RBP4;SELE,44.9
congenital heart defect,PIK3C2A;PIK3CG;PDE3B;REN;RETN;CNR1,44.9
gastritis,KIR2DS5;KIR3DS1;KIR3DL1;KIR2DS2;KIR2DL2;SELE,44.8
leishmaniasis,PIK3C2A;LPA;BMP6;CIITA;CD28;CD4,44.8
cholestasis,CNR1;GCG;RBP4;SERPINC1;SERPINA1;VEGFA,44.7
proliferative diabetic retinopathy,SELE;SELP;SERPINE1;VEGFA;VCAM1;MTHFR,44.7
hyperhomocysteinemia,VWF;SELE;SELP;SERPINC1;SERPINE1;LPA,44.7
age related macular degeneration,LRP6;KIR3DL1;SELE;SERPINE1;SERPINA3;NAT2,44.6
polyposis,PIK3CG;SH2B3;PDCD1;RET;RDH5;PCBD1,44.5
retinol binding protein,RETN;RDH5;PCK2;RBP4;NAGLU;NAMPT,44.5
atopy,SELP;NAT1;NAT2;VEGFA;VDR;CIITA,44.1
vaginitis,PIK3C2A;GC;BTD;SELE;SERPINC1;SERPINA7,44.1
bipolar disorder,CNR1;CNR2;VWF;GCLC;BDNF;BCL2,44
diabetic neuropathy,REN;CNR1;VWF;VEGFA;PARP1;LEP,44
arterial calcification,VWF;GC;SELE;VDR;BMP2;BGLAP,43.8
hyperandrogenism,RECK;REN;RETN;NAMPT;LMNA;LEP,43.7
amyloidosis,RET;VWF;RBP4;SERPINC1;SERPINF2;SERPINA3,43.6
arteriosclerosis,COG2;SELE;SELP;SERPINE1;LPA;LPL,43.5
neonatal diabetes mellitus,ZNF673;GCK;ZFP57;KCNJ11;KCNJ5;ZACN,43.4
maturity-onset diabetes of the young,PCBD1;PCK2;PCK1;GCKR;GCK;GCG,43.3
thalassemia,PIK3C2A;KIR3DL1;VWF;SELE;SERPINC1;NAGLU,43.3
neurodegenerative disease,PIK3CG;RECK;CNR1;GCG;SERPINA3;NAT2,43.1
alopecia,BTD;VDR;LMNA;CIITA;XDH;T,43
acquired immunodeficiency syndrome,SELE;SERPINC1;SERPINA7;SERPINA1;VEGFA;VCAM1,42.9
growth hormone deficiency,REN;RETN;SELE;SERPINA7;SERPINE1;NAT2,42.7
hepatitis c,SERPINA1;LIPC;CIITA;CISH;LDLR;MTTP,42.4
esophagitis,ZNF673;PIK3C2A;PIK3CG;PDCD1LG2;RECK;REG1A,42.3
thrombocytopenia,PIK3C2A;RECK;VWF;SELE;SELL;SELP,42.2
hyperinsulinism,RETN;GCKR;GCK;GCG;SELE;SERPINE1,42.2
hemochromatosis,REN;SERPINA1;BMP2;BMP4;BMP6;UROD,42.2
hypertrophic cardiomyopathy,PIK3C2A;REN;RETN;VWF;SELP;VDAC1,42
pheochromocytoma,PIK3C2A;REN;RET;PCSK1;GCGR;SERPINE1,41.9
huntington's disease,CNR1;SERPINA3;NAT2;VDAC1;PARP1;BDNF,41.9
sjogren's syndrome,PIK3C2A;PDCD1;RETN;KIR2DS5;KIR3DS1;KIR3DL1,41.9
myasthenia gravis,PDCD1;BCHE;BCL2;CIITA;CHAT;MUSK,41.8
diarrhea,REN;VWF;GCG;SERPINA1;VEGFA;LIPA,41.3
hepatitis,RBP4;SELP;SERPINA1;XDH;GZMB;GSR,41.3
pancreatic carcinoma,RET;SELE;VEGFA;CLU;BCL2;SCT,41.3
malaria,PDE3B;RECK;REN;VWF;GCK;GCLC,41.3
ulcerative colitis,GCG;SELE;SELL;SELP;SERPINA1;NAT2,41.2
kaposi's sarcoma,PIK3R1;PIK3C2A;PIK3CG;VWF;SELE;SELP,41.1
aggressive periodontitis,SELE;SERPINE1;VEGFA;VDR;VCAM1;S100A8,40.9
cervicitis,PIK3CG;PDCD1;PDCD1LG2;RECK;REN;RET,40.8
peripheral neuropathy,RETN;PC;SELE;VEGFA;LMNA;BDNF,40.7
end stage renal failure,RETN;CNDP1;SELP;VEGFA;BGLAP;UMOD,40.6
alcoholism,CNR1;SCT;LBR;CFTR;GSR;IL1RN,40.6
glomerulopathy,REN;VWF;SELE;SELP;NAGA;NAGLU,40.5
uveitis,KIR2DS5;KIR3DS1;KIR3DL1;KIR2DS2;KIR2DL2;GC,40.5
diabetic ketoacidosis,PIK3C2A;VWF;BTD;BGLAP;INS;IL10,40.4
cushing's syndrome,REN;RET;RETN;VWF;GCG;SERPINA7,40.4
nonalcoholic steatohepatitis,PIK3R1;RETN;PCK2;SERPINE1;LPA;LPL,40.3
polycystic kidney disease,PIK3C2A;REN;SELE;VEGFA;CLU;PARP1,40.2
encephalomyelitis,CNR1;VEGFA;VCAM1;BMP6;BDNF;CIITA,40.1
neuroblastoma,PIK3R1;PIK3CG;PDE3B;RECK;RET;CNR1,40.1
periodontitis,VDR;MPO;CD36;CD14;MMP1;MMP8,40
breast carcinoma,PIK3R1;PIK3CG;RECK;CNR2;VWF;GCLC,39.9
autonomic neuropathy,REN;GCG;MLN;MLNR;INS;IL2RA,39.9
familial combined hyperlipidemia,VWF;SERPINE1;LPL;LIPE;LIPC;SCD,39.4
autoimmune thyroiditis,RET;SERPINA7;LMOD1;CIITA;ATP5O;CD80,39.3
short stature,REN;VDR;PBX1;BGLAP;LEP;CD36,39.2
turner syndrome,REN;GC;SERPINA7;SERPINE1;LPA;VDR,39.1
combined immunodeficiency,SELP;VEGFA;BCL2;CIITA;BAX;MT-CO2,38.9
severe combined immunodeficiency,SELP;VEGFA;BCL2;CIITA;BAX;MT-CO2,38.9
addison's disease,PDCD1;REN;PCSK1;VDR;CLEC16A;BGLAP,38.8
was-related disorders,REN;CNR1;SERPINA7;LPL;VDR;LIPC,38.8
parkinson's disease,CNR1;SERPINA3;NAT2;PARP1;BDNF;BCHE,38.7
alopecia areata,VDR;CIITA;XDH;T;CD79A;CDKN2A,38.6
conjunctivitis,GCG;VEGFA;VDR;UROD;BCL2;KCNJ11,38.5
pulmonary tuberculosis,GC;NAT2;VDR;CD14;CD80;IL10,38.4
atopic dermatitis,SELE;SELL;SELP;NAT2;VCAM1;BDNF,38.4
encephalitis,PIK3CG;CNR1;CNR2;SELE;VEGFA;VCAM1,38.2
diabetic polyneuropathy,VEGFA;BMP6;PARP1;GSTM1;GSTT1;APOB,38.1
gigantism,SH2B3;BTD;LPA;VDR;LDLR;LCAT,38.1
iron overload,RBP4;SELP;SERPINA7;NAGLU;VDR;BMP6,38.1
hemolytic-uremic syndrome,RECK;VWF;SELP;SERPINC1;SERPINE1;CLU,38
cytomegalovirus infection,PIK3C2A;PDCD1;KIR3DL1;VWF;SELE;SELL,38
noonan syndrome,PIK3C2A;PIK3CG;REN;RETN;CNR1;VWF,38
hyperuricemia,PIK3C2A;REN;GCK;SELP;SERPINE1;LPL,37.8
arterial occlusive disease,VWF;SELE;SELP;SERPINC1;SERPINE1;VCAM1,37.8
periodontal disease,NAT2;BGLAP;S100A8;CD79A;CD36;CD14,37.8
eating disorder,RETN;CNR1;CNR2;GCG;BGLAP;BDNF,37.6
diabetes insipidus,REN;VWF;LNPEP;CISD2;CGA;AVP,37.6
muscular dystrophy,PIK3C2A;VWF;SERPINA7;VEGFA;LMNA;LMNB2,37.6
crohn's disease,GCG;BMP7;BDKRB2;LCN2;T;MPO,37.5
hepatitis a,SERPINC1;LEP;B2M;CD79A;CD4;CD40LG,37.4
diabetic macular edema,REN;VEGFA;INS;FGF2;IL6;CCL2,37.4
pulmonary edema,PIK3C2A;REN;RET;SERPINC1;VEGFA;CLEC4A,37.3
polycystic ovary syndrome,LEP;CGA;IRS1;IRS2;AR;INS,37.3
glucose intolerance,GCG;MTTP;CFTR;CD79A;MLN;APOA4,37.2
pulmonary function,SERPINA1;LEP;CFTR;MPO;CD36;CD14,37.2
vitreoretinopathy,LRP5;VEGFA;VCAM1;BMP6;KCNMA1;CD36,37.2
cholangitis,KIR3DL1;SCT;LBR;CFTR;MPO;CD28,37.2
thymoma,PIK3C2A;VNN1;BCL2;CHGA;MUSK;LBR,37.1
multiple endocrine neoplasia,REG1A;RET;GCG;PBX1;SDHB;SCT,37.1
connective tissue disease,PIK3C2A;VWF;SELE;SELL;VDAC1;VCAM1,37.1
"diabetes, type 2",GCG;SELE;KCNJ11;INS;IL18;GPD2,37.1
wilms tumor,ZNF673;REN;RET;VWF;VEGFA;VDR,37
acanthosis nigricans,BSCL2;LMNA;LEP;BAIAP2L1;INS;INSR,36.7
pyelonephritis,NAGLU;NAMPT;LPXN;UMOD;UGT1A1;XDH,36.6
hepatitis b,PDCD1;CD274;CD40;IL10;IL12B;IL18,36.6
neuritis,CNDP2;BMP6;CIITA;MT-ND5;MT-ND4;MT-ND1,36.5
allergic asthma,PDE3B;SERPINE1;VCAM1;BMP6;BDNF;BCL2,36.4
peripheral arterial occlusive disease,VWF;SELE;SELP;SERPINE1;VCAM1;CD40LG,36.4
candidiasis,BTD;LAP3;B2M;MPO;CD79A;CD86,36.4
hemophilia,VWF;SELP;SERPINC1;CIITA;MTHFR;CD4,36.3
glycogen storage disease,VWF;GCG;BTD;RBP4;NAGLU;LPL,36.2
proliferative vitreoretinopathy,VEGFA;VCAM1;BMP6;KCNMA1;CD36;MIF,36.2
multiple sclerosis,CLEC16A;CD14;CD40;MICA;IL12A;IL1A,36.1
major depressive disorder,CNR1;SELP;SERPINE1;VEGFA;BMP7;BGLAP,36
mood disorder,CNR1;BDNF;LEP;MTHFR;AVP;ATP2A2,36
cutaneous leishmaniasis,PIK3C2A;BMP6;FOXP3;IL10;IL12B;IL2RA,35.7
morbid obesity,RETN;GCG;LPL;LEP;LEPR;INS,35.7
chronic obstructive pulmonary disease,GC;SERPINA1;SERPINA3;NAT2;PARP1;LEPR,35.7
gastric ulcer,VWF;SERPINE1;VEGFA;BMP6;BDKRB2;S100A8,35.5
"diabetes mellitus, noninsulin-dependent",GCGR;LIPC;IRS1;IRS2;MAPK8IP1;HNF1B,35.5
eosinophilia,PIK3C2A;PDE3B;REN;SELL;SERPINA1;VCAM1,35.4
osteoarthritis,PIK3CG;LRP5;LRP6;RETN;CNR1;CNR2,35.3
primary hyperoxaluria,PIK3C2A;VWF;GCG;LPL;UTS2;BGLAP,35.2
acute lymphoblastic leukemia,COG2;RECK;KIR3DL1;SELL;SERPINC1;PBX1,35.1
lactic acidosis,PC;PCK2;PCK1;BGLAP;MT-ND5;MT-TL1,35
lymphopenia,SELL;CIITA;LBR;B2M;CD28;CD69,34.9
paralysis,PIK3C2A;PCK2;BCHE;KCNJ5;MUSK;T,34.9
narcolepsy,VEGFA;BMP2;BMP7;SDHB;KCNMA1;SCARB1,34.9
high blood pressure,COG2;REN;RETN;LPL;BGLAP;LEP,34.6
retinal detachment,LRP5;VEGFA;LEP;FGF2;IL6;ENO2,34.6
asthma,GCLC;SERPINE1;MPO;CD14;IL12B;IL1B,34.6
wilson disease,SERPINA1;NAGLU;MTHFR;MTTP;XDH;B2M,34.5
retinal disease,RDH5;VEGFA;PAX6;BBS1;BBS2;BBS4,34.3
juvenile rheumatoid arthritis,BGLAP;LBR;S100A8;IL18R1;IL1A;IL1R1,34.3
gastroparesis,GCG;SERPINC1;KCNQ1;SCT;MLN;MLNR,34.3
diabetic angiopathy,RETN;VWF;SELE;SERPINE1;NAGLU;BMP6,34.3
sleep disorder,VCAM1;LEP;MTNR1B;INS;IL1R1;IL6,34.3
pancreatic diseases,REG1A;NAGLU;NAT1;NAT2;VCAM1;CLPS,34.3
peptic ulcer,GCG;NAT1;UROD;SCT;S100A8;XDH,34.1
congenital hypothyroidism,COG2;BTD;SERPINA7;VDR;LIPC;BGLAP,34.1
deep vein thrombosis,VWF;SELP;SERPINC1;SERPINE1;MTHFR;ITGB3,34
hypoparathyroidism,PIK3C2A;RET;NAGLU;VDR;BGLAP;MTHFR,34
peripheral vascular disease,VWF;SELE;SELP;SERPINE1;LPA;VCAM1,33.9
autonomic dysfunction,REN;SERPINE1;BDNF;MTHFR;INS;INSR,33.9
aortic atherosclerosis,LPL;LIPC;SCARB1;LDLR;LCAT;CETP,33.9
familial hypercholesterolemia,COG2;LPA;LPL;LIPC;LDLR;LCAT,33.9
metabolic syndrome x,SERPINE1;LPL;LEP;INS;INSR;IL6,33.8
alcoholic liver cirrhosis,NAT2;LCAT;GSTM1;IL8;GPT;F2,33.7
lipoprotein lipase deficiency,BTD;LPA;LPL;LCAT;CETP;INS,33.6
hydrocephalus,BDNF;MTHFR;INS;IL10;IL1R1;APOB,33.6
irritable bowel syndrome,GCG;SCN5A;LEP;CHGA;S100A12;MPO,33.6
hypothyroidism,RET;SERPINA7;LMOD1;LDLR;CGA;CD80,33.3
chronic kidney failure,REN;LPL;VDR;LEP;B2M;CD79A,33.3
germ cell tumor,LRP6;VEGFA;BMP2;PARP1;BCL2;BAX,33.2
hypercalcemia,GC;VDR;BMP6;BGLAP;SCT;CHGA,33.2
colorectal cancer,NAT1;NAT2;VDR;UGT1A1;MTHFR;GSTM1,33.2
breast cancer,RECK;BMP6;LDLR;AXL;CD80;CDK4,33.2
hyperinsulinemic hypoglycemia,GCK;GCG;SEL1L;KCNJ11;KCNJ5;FOXA2,33
brain edema,VEGFA;PARP1;BDKRB2;MMP9;IL1B;IL1RN,33
orthostatic hypotension,REN;CHGA;MT-ND5;MLN;ALB;GNAS,33
eosinophilic pneumonia,CD69;IL10;IL18;IL1B;IL1RAPL2;IL1RN,32.9
diabetic foot ulcers,MMP9;FGF2;IL15;IGF1;F2;HSPA1B,32.8
histiocytosis,SERPINA1;SERPINA3;LCAT;CD4;CD40;ITGAL,32.7
glucagonoma,PCSK1;GCG;SCT;CHGA;INS;INSR,32.5
pancreatic cancer,RET;GCG;VEGFA;SCT;CHGA;MMP14,32.5
appendicitis,SERPINE1;LCAT;LCN2;SAA4;S100A8;MPO,32.4
porphyria cutanea tarda,BMP6;UROD;FTH1;CD36;GSTM1;GSTT1,32.3
klinefelter's syndrome,SERPINE1;LEP;MTHFR;CGA;CFTR;AR,32.3
osteolysis,PIK3C2A;REN;VEGFA;BMP2;BMP6;BGLAP,32.3
rheumatic fever,CD79A;CDKN2A;CD40LG;INS;IL1A;IL1B,32.3
atrophic gastritis,SCT;CHGA;MTHFR;S100A8;XDH;MIF,32.3
cystitis,NAGLU;VEGFA;BMP6;PARP1;UMOD;IL1A,32.2
amenorrhea,BGLAP;LEP;CGA;AR;INS;APOA1,32.2
klebsiella,SERPINC1;VDAC1;LCN2;MPO;CD79A;CD40LG,32.1
ovarian carcinoma,PIK3CG;RECK;RBP4;SELL;SERPINE1;SERPINA3,32
craniopharyngioma,LEP;CGA;AVP;INS;IL1A;IL6,32
hodgkin's lymphoma,PIK3R1;PIK3CG;SELP;CLIP1;BCL2;CD28,31.9
pituitary tumor,PCSK1;BMP2;PBX1;LEPR;CHGA;CGB7,31.8
dyspepsia,VEGFA;S100A8;CD79A;CD14;MLN;MLNR,31.8
intermittent claudication,VWF;SELE;SELP;SERPINC1;SERPINE1;LPL,31.8
thromboembolism,VWF;SELP;SERPINC1;SERPINF2;SERPINE1;SERPINA3,31.8
anovulation,LEP;CGA;INS;IGFBP1;IGFBP3;IGF1,31.8
constipation,RET;CHAT;CHGA;MLN;MLNR;GRP,31.7
hypopituitarism,GCG;PBX1;LEP;CGA;AVP;INS,31.6
nephrolithiasis,NAGLU;VDR;BGLAP;UMOD;XDH;B2M,31.6
cholecystitis,XDH;CD40LG;IL2RA;IL5;IL6;CCK,31.5
ileus,GCG;CD79A;ITGAL;MLN;MLNR;INS,31.3
t-cell leukemia,PIK3CG;BCL2;LBR;CD28;CD4;CDKN3,31.3
coronary artery anomaly,PIK3C2A;COG2;RECK;RETN;VWF;GCG,31.2
gastroenteritis,REN;BTD;VDAC1;CD79A;MLN;IL10,31.1
ataxia telangiectasia,PIK3R1;PIK3CG;PARP1;BCL2;BAX;LBR,31.1
critical limb ischemia,VWF;SELE;VEGFA;AXL;CD40;FGF2,31.1
motor neuron disease,RET;BTD;BSCL2;NAT1;NAT2;VEGFA,31.1
chronic venous leg ulcers,VCAM1;BCL2;BAX;ITGB2;MMP1;MMP2,31.1
hypogonadotropism,PCSK1;BGLAP;LEP;LEPR;CGA;CD36,31
gastroesophageal reflux disease,GCG;BCL2;SCT;S100A8;FOXP3;MLN,30.9
osteosarcoma,PIK3CG;LRP5;PDE3B;RECK;CNR1;VWF,30.9
rickets,GC;VDR;BGLAP;LEP;CD36;INS,30.9
nephrosclerosis,SERPINC1;SERPINE1;LPA;BMP7;LCAT;MTHFR,30.9
myeloproliferative disorder,VWF;SELP;CISH;AXL;MPO;ITGB3,30.8
poems syndrome,VEGFA;BGLAP;CD36;IL1B;IL5;IL6,30.7
heparin-induced thrombocytopenia,SELE;SELP;SERPINC1;SERPINE1;MTHFR;CD79A,30.7
vascular dementia,SERPINA3;VEGFA;LPA;BCHE;CHAT;MTHFR,30.7
lung carcinoma,PIK3R1;PIK3CG;RECK;RBP4;SELL;SERPINA1,30.6
cervical cancer,PIK3CG;PDCD1;SERPINC1;SERPINA1;SERPINE1;SERPINA3,30.6
gastrointestinal stromal tumor,PIK3R1;PIK3CG;VEGFA;BCL2;SDHB;BAX,30.5
lymphocytic leukemia,PIK3CG;PDCD1LG2;PDE3B;RECK;KIR3DL1;SELL,30.4
mixed connective tissue disease,PIK3C2A;VDAC1;S100A8;CD40LG;MICA;INS,30.3
galactosemia,SERPINA1;LDLR;CCK;GPT;IGFBP2;F5,30.2
iron deficiency anemia,SELP;XDH;GSR;IL2RB;MB;ALB,30.2
influenza,PIK3R1;PIK3C2A;PIK3CG;RECK;KIR2DL2;SELL,30.1
hypersensitivity reaction type ii disease,PDCD1;PDCD1LG2;RECK;KIR3DL1;GC;SELL,30
cerebral hemorrhage,SERPINF2;SERPINA3;MTHFR;INS;IL1B;IL1RN,30
abdominal aortic aneurysm,CETP;MMP1;MMP14;MMP2;MMP8;MMP9,29.9
neuroendocrine tumor,RET;GCG;SCT;CHGA;GRP;ENO2,29.8
autoimmune pancreatitis,KCNA3;CFTR;CD4;IL10;IL2RA;ALB,29.6
cadasil,COG2;REN;RETN;CNR1;VWF;GC,29.6
astrocytoma,PIK3R1;PIK3CG;PDE3B;RECK;RET;CNR1,29.6
mitochondrial encephalomyopathy,MT-TE;MT-ND5;MT-TL1;MT-CO1;MT-CO2;MT-ND4,29.5
dermatitis herpetiformis,SELE;CD79A;CD40LG;ITGAM;IL2RA;IL2RB,29.4
encephalomyopathy,VDAC1;MT-TE;MT-ND5;MT-TL1;MT-CO1;MT-CO2,29.4
alcoholic hepatitis,IL1A;IL8;APOA1;CCL2;CCL3;CCL5,29.4
lateral sclerosis,CNR1;CNR2;SELE;SELL;SERPINE1;VEGFA,29.4
amyotrophic lateral sclerosis,CNR1;CNR2;SELE;SELL;SERPINE1;VEGFA,29.3
sarcoidosis,PIK3C2A;SELE;SELL;SELP;SERPINA3;VEGFA,29.2
acute myeloid leukemia,ZNF673;PIK3R1;PIK3C2A;PIK3CG;LRP5;RECK,29.1
colon carcinoma,PIK3R1;PIK3CG;CNR1;KIR3DS1;SELE;SELL,28.9
dmd-associated dilated cardiomyopathy,PIK3C2A;REN;VWF;SERPINA1;SERPINE1;SERPINA3,28.8
copd,PIK3C2A;VWF;GCLC;GC;SELL;SELP,28.7
prostate disease,SERPINA1;SERPINA3;BMP6;AR;FGF2;GRP,28.7
lung cancer susceptibility,LRP5;LRP6;RET;GC;SELE;SERPINA3,28.5
rheumatic pulmonary valve disease,KIR3DS1;VWF;SELE;SELL;SELP;NAGLU,28.4
beta thalassemia,UGT1A1;GSR;ANXA5;F10;TNFRSF11B;TNFSF11,28.3
intestinal pseudo-obstruction,RET;MT-TL1;B2M;CFTR;MLNR;FAS,28
atrial fibrillation,PIK3C2A;RECK;REN;RETN;VWF;SELE,27.9
anorexia nervosa,PIK3C2A;COG2;RETN;CNR1;CNR2;GCG,27.9
migraine without aura,CNR1;VWF;GC;SELE;SELP;SERPINE1,27.8
oral squamous cell carcinoma,PIK3C2A;PDCD1;PDCD1LG2;RECK;SELE;SERPINF2,27.6
viral infectious disease,PIK3CG;PDCD1;RECK;KIR3DL1;PCK2;SERPINA7,27.6
squamous cell carcinoma,RECK;GC;BTC;SELL;SEL1L;SERPINA3,27.5
spondylitis,PDCD1;PDCD1LG2;KIR2DS5;KIR3DS1;KIR3DL1;KIR2DS2,27.5
epithelial ovarian cancer,PIK3CG;SERPINA1;SERPINE1;NAT2;VEGFA;VDR,27.2
meningioma,PIK3CG;RET;SELE;SELP;SERPINC1;SERPINE1,27
photosensitive trichothiodystrophy,RETN;VWF;PC;GCG;RBP4;SERPINA7,26.8
nasopharyngitis,PIK3CG;PDCD1;RECK;KIR2DS5;NAT2;VEGFA,26.7
behcet's disease,KIR2DS5;KIR3DS1;KIR3DL1;KIR2DS2;KIR2DL2;VWF,26.3
acute leukemia,REN;RETN;VWF;SELL;SELP;SERPINC1,26.2
esophageal cancer,PIK3CG;PDCD1LG2;REG1A;REG1B;CNR1;PCK2,25.8
rhinitis,PIK3CG;RETN;SELE;SELL;SERPINE1;VEGFA,25.8
lung adenocarcinoma,PIK3CG;VWF;SELE;SERPINA1;SERPINA3;VEGFA,25.8
cervical carcinoma,PIK3CG;PDCD1;PDCD1LG2;RECK;CNR1;VEGFA,25.6
bartter disease,PIK3R1;REN;RET;GCG;SERPINA3;VDR,25.6
esophageal squamous cell carcinoma,ZNF673;RECK;RBP4;SELE;SERPINE1;VEGFA,25.5
sickle cell disease,VWF;BTD;RBP4;SELE;SELL;SELP,25.3
thyroid carcinoma,PIK3CG;RET;SELE;SELL;SERPINE1;NAT1,25.3
laryngitis,KIR3DL1;BTD;SERPINE1;SERPINA3;NAT1;NAT2,25.2
allergic rhinitis,PIK3CG;RETN;SELE;SERPINE1;VEGFA;VCAM1,25.2
pertussis,PIK3CG;CNR1;CNR2;GCG;SELL;VDAC1,25
sinusitis,VWF;SELL;SELP;SERPINC1;SERPINE1;SERPINA3,25
bilirubin metabolic disorder,RETN;CNR1;PC;GCK;GCG;BTD,24.9
noma,PIK3CG;REN;RET;RBP4;SELL;VEGFA,24.6
thyroid cancer,PIK3R1;PIK3CG;RET;NAT2;VEGFA;LMOD1,24.6
oral cancer,RECK;SERPINE1;NAGA;NAT2;VEGFA;PARP1,24.4
myocarditis,PIK3C2A;SELP;SERPINC1;LPL;CLU;CIITA,24.1
endometrial carcinoma,PIK3C2A;PIK3CG;CNR2;SERPINE1;VEGFA;VDR,24
renal cell carcinoma,PDCD1;RET;SELP;VEGFA;BMP7;UTS2,23.9
bronchiolitis,PIK3C2A;KIR2DS5;KIR3DL1;SELE;SELL;VDR,23.9
diffuse large b-cell lymphoma,PIK3CG;CNR2;SELE;VEGFA;VCAM1;LMNA,23.9
spinal cord injury,PIK3C2A;COG2;REN;GC;SERPINC1;SERPINA7,23.8
pulmonary fibrosis,VWF;SELE;SERPINA1;SERPINE1;VEGFA;LPO,23.8
brain injury,RETN;CNR1;VWF;SELP;SERPINC1;SERPINE1,23.8
lupus nephritis,PDCD1;VWF;RBP4;SELE;SERPINE1;NAGLU,23.8
hyperparathyroidism,LRP5;RET;VWF;GC;SELE;SERPINE1,23.7
retinoblastoma,PIK3R1;PIK3CG;PDE3B;RECK;VEGFA;LPO,23.6
malignant glioma,PIK3CG;RECK;VWF;SERPINE1;VEGFA;BMP6,23.6
hypertrophy of breast,PIK3R1;PIK3CG;REN;GCG;LMNA;BMP2,23.6
pituitary adenoma,RECK;REG1A;REG1B;RET;CNR1;PCSK1,23.4
focal segmental glomerulosclerosis,COG2;REN;RBP4;SERPINE1;NAGLU;LPA,23.3
cholangiocarcinoma,PIK3CG;RECK;SELE;SELL;SERPINA1;SERPINA3,23.3
cholera,PIK3C2A;CNR1;GCG;VDAC1;PARP1;KCNQ1,23.2
spontaneous abortion,KIR2DS5;KIR3DS1;KIR3DL1;KIR2DS2;KIR2DL2;SELP,23.2
myelodysplastic syndrome,PIK3CG;KIR3DL1;SELL;SERPINC1;SERPINA3;VEGFA,23.1
leiomyoma,PIK3R1;VWF;SERPINE1;VEGFA;BMP2;BMP6,23.1
measles,PIK3R1;PIK3CG;RECK;RBP4;SELE;VCAM1,23
vitiligo,PCBD1;LPO;VDR;BMP6;PARP1;BCHE,22.9
hearing loss,LRP5;BTD;SERPINC1;SERPINE1;BDNF;KCNQ1,22.8
cerebrovascular accident,PIK3C2A;COG2;REN;VWF;SELE;SELP,22.6
leprosy,KIR2DS5;KIR3DS1;KIR3DL1;KIR2DS2;KIR2DL2;SERPINA3,22.6
urticaria,SELE;SELP;SERPINC1;SERPINF2;VEGFA;LPL,22.6
meningitis,PIK3C2A;PIK3CG;SELE;SELL;SERPINA1;VEGFA,22.5
colon adenocarcinoma,VEGFA;VDR;LMNA;BMP4;BMP6;LIPE,22.4
skin disease,BTD;SELE;SELL;SELP;SERPINF2;VDR,22.4
alcohol dependence,REN;CNR1;SERPINA7;PAX6;BDNF;LEP,22.4
congenital myasthenic syndrome,PDCD1;BCL2;CIITA;CHAT;MUSK;LBR,22.3
jaundice,REN;BTD;SELL;SCT;UGT1A1;UCP2,22.2
liver cancer,PIK3CG;REG1A;PCBD1;SERPINA1;NAT1;NAT2,22.2
patent ductus arteriosus,NAT2;VEGFA;LPL;LIPC;LDLR;LCAT,22.2
autoimmune hepatitis,RETN;CNR1;VDR;BMP6;CIITA;UGT1A1,22.1
choriocarcinoma,PIK3CG;RETN;VDR;LNPEP;PAPPA;BDNF,22.1
chagas disease,PIK3R1;PIK3CG;SERPINC1;SERPINE1;BDKRB2;CHAT,22
familial mediterranean fever,KIR2DS5;KIR3DS1;KIR3DL1;KIR2DS2;KIR2DL2;SELL,21.9
hepatoblastoma,PIK3CG;SERPINA7;SERPINE1;SERPINA3;LPIN1;LIPC,21.8
neurologic diseases,RECK;GCLC;NAGLU;MYO5A;PARP1;CHGA,21.7
bronchopulmonary dysplasia,RBP4;SELL;SERPINE1;VEGFA;LCN2;MTHFR,21.6
schistosomiasis,VWF;SELE;SERPINC1;SERPINF2;SERPINE1;NAT2,21.6
hematopoiesis,PIK3R1;PIK3CG;SH2B3;REN;VEGFA;BMP4,21.6
cerebral palsy,SELE;SERPINE1;BGLAP;LEP;MTHFR;CD79A,21.5
wegener's granulomatosis,VWF;SELE;SERPINA1;SERPINE1;SERPINA3;VCAM1,21.3
lichen planus,PDCD1LG2;VEGFA;VCAM1;BMP4;BCL2;SDC1,21.3
hydrops of gallbladder,PIK3C2A;PIK3CG;RET;SELL;SERPINA3;NAGLU,21.2
biliary atresia,RBP4;SELE;SERPINE1;VEGFA;CD36;CD14,21.2
septic shock,PIK3C2A;SELE;SELL;SERPINC1;SERPINE1;VDAC1,21.2
open-angle glaucoma,REN;SERPINE1;BMP7;PARP1;LDLR;MT-ND4,21.2
gout,PIK3R1;PIK3CG;GCKR;SELE;LPA;LPXN,21.1
emphysema,SERPINA1;SERPINE1;SERPINA3;VEGFA;BMP6;BGLAP,21.1
antiphospholipid syndrome,VWF;SELE;SELP;SERPINC1;SERPINE1;VEGFA,21.1
fibrosarcoma,PIK3CG;RECK;SERPINE1;VEGFA;BMP6;CLU,21
rabies,REN;GC;NAT2;VEGFA;LPA;VDR,21
hemorrhagic fever,GC;SERPINC1;VEGFA;LPL;VDR;VCAM1,21
leukemia/lymphoma,PIK3CG;PDCD1;PDCD1LG2;VEGFA;VCAM1;BGLAP,21
headache,SELE;SERPINA1;VCAM1;BDNF;MTHFR;S100A12,21
sickle cell anemia,VWF;SELE;SELL;SELP;VCAM1;BMP6,20.9
dermatomyositis,PIK3C2A;VWF;SELE;SERPINA3;VEGFA;VCAM1,20.8
arthropathy,RETN;LMNA;BMP2;BMP6;BMP7;BGLAP,20.8
stickler syndrome,SERPINA1;VEGFA;LMOD1;PARP1;PAX6;LCAT,20.7
acute promyelocytic leukemia,PIK3CG;VWF;RBP4;SELP;SERPINC1;SERPINE1,20.7
hepatopulmonary syndrome,VWF;SERPINE1;VEGFA;PAOX;BAX;MTHFR,20.6
acne,PIK3C2A;BTD;BMP6;BGLAP;LEP;LDLR,20.6
trypanosomiasis,PIK3R1;PIK3CG;SELE;SERPINE1;VCAM1;BMP6,20.6
goiter,RET;RBP4;SELE;SELL;SERPINA7;VEGFA,20.5
tetanus,PIK3C2A;PIK3CG;SERPINE1;VEGFA;VDAC1;PARP1,20.5
commensal bacterial infectious disease,GCG;SELL;LPL;LIPC;LCN2;LBR,20.5
synovitis,SELE;SERPINA1;VEGFA;VCAM1;BGLAP;BCL2,20.5
stomach carcinoma,COG2;SELP;SERPINE1;NAT1;NAT2;VEGFA,20.4
soft tissue sarcoma,GCLC;SERPINA1;SERPINE1;SERPINA3;VEGFA;VDR,20.4
urinary bladder cancer,NAT1;NAT2;VEGFA;CLU;BCL2;UGT2B7,20.4
chondrosarcoma,PIK3CG;SERPINA3;VEGFA;VCAM1;BMP2;BMP6,20.4
autism spectrum disorder,PIK3CG;RETN;CNR1;CNR2;BDNF;BCL2,20.4
traumatic brain injury,RETN;SERPINC1;VEGFA;BMP2;BMP6;PARP1,20.3
neutropenia,NAMPT;LMOD1;BCL2;CISH;UGT1A1;SBDS,20.3
arrhythmogenic ventricular,PIK3C2A;REN;SERPINE1;LPL;LMNA;KCNQ1,20.3
bladder carcinoma,PIK3CG;SELE;NAT1;VEGFA;BMP6;CLU,20.2
oculomotor apraxia cogan type,PIK3C2A;PDE3B;BTD;SERPINA1;SERPINE1;SERPINA3,20.1
rhabdomyosarcoma,CNR1;VEGFA;BMP4;BMP6;UTS2;UTS2R,20.1
respiratory failure,PIK3C2A;REN;RBP4;SERPINC1;SERPINA7;SERPINA1,20.1
polycythemia,PIK3R1;PIK3CG;VWF;SELP;SERPINC1;SERPINE1,20
primary open angle glaucoma,SERPINE1;BMP7;PARP1;LDLR;MTHFR;XRCC1,20
sclerosing cholangitis,KIR3DL1;SCT;LBR;CFTR;MPO;CD28,20
obstructive jaundice,REN;SELL;SCT;UCP2;XDH;CD79A,19.9
"systemic lupus erythematosus, association with",PDCD1;KIR2DS5;KIR3DS1;KIR2DS2;SERPINE1;CD40LG,19.9
toxoplasmosis,PIK3R1;PIK3CG;BCL2;CIITA;LDLR;CD79A,19.8
epilepsy syndrome,PIK3CG;COG2;CNR1;BTD;SERPINA7;CLU,19.8
prostate colloid adenocarcinoma,PIK3CG;VEGFA;BMP2;BMP6;BMP7;BCL2,19.8
spasticity,PDCD1;CNR1;KIR2DS5;KIR3DS1;KIR3DL1;KIR2DS2,19.8
tonsillitis,ZNF673;PDCD1;CNR2;VEGFA;CLU;BDNF,19.8
primary sclerosing cholangitis,KIR3DL1;SCT;LBR;CFTR;MPO;CD28,19.7
basal cell carcinoma,GC;BTC;SELE;VEGFA;VDR;VCAM1,19.7
duodenal ulcer,SCT;CHGA;S100A8;XDH;CFTR;MPO,19.7
hepatic fibrosis renal cysts ,RETN;CNR1;CNR2;SERPINE1;LPA;BMP6,19.7
polymyositis,PIK3C2A;VWF;SELE;SERPINA3;VEGFA;VCAM1,19.6
systemic scleroderma,VWF;SELE;SELL;NAT2;VCAM1;BMP6,19.6
"rheumatoid arthritis, association with",SELE;NAT2;VDR;CIITA;MTHFR;CD79A,19.5
fibromyalgia,SELL;SERPINA1;SERPINE1;BGLAP;BDNF;ITGAM,19.5
bronchitis,VWF;SERPINA1;VEGFA;BGLAP;S100A8;CFTR,19.5
chronic fatigue syndrome,LBR;B2M;CD69;CD4;INS;GSR,19.5
temporal lobe epilepsy,CNR1;GC;CLU;CLEC3B;BDNF;CHGA,19.4
portal hypertension,REN;VWF;SELL;SERPINC1;SERPINE1;VEGFA,19.4
laryngeal carcinoma,NAT2;VEGFA;BCL2;BAX;XRCC1;S100A8,19.3
common variable immunodeficiency,SELL;SERPINA1;LPO;BGLAP;LBR;SBDS,19.3
oral lichen planus,PDCD1LG2;VEGFA;VCAM1;BMP4;BCL2;SDC1,19.3
myositis,PIK3C2A;SERPINA3;VCAM1;LMNA;CLU;BCL2,19.2
panic disorder,NAGLU;CLU;BDNF;XDH;AVP;GRP,19.2
bullous pemphigoid,SELE;SELL;SERPINF2;VEGFA;VCAM1;LMOD1,19.2
otitis media,SELL;SERPINC1;SERPINE1;VCAM1;BMP6;PARP1,19.2
vaccinia,PIK3CG;CIITA;BAX;CGB7;CD4;CD80,19.2
eczema,SELE;LBR;MPO;CD79A;CD14;CD40LG,19.1
endocarditis,PIK3C2A;VWF;GC;SELE;SERPINC1;SERPINA1,19.1
thrombophilia,VWF;PC;SELE;SELP;SERPINC1;SERPINF2,19.1
aortic valve stenosis,VWF;LPA;VDR;VCAM1;BMP2;CD36,19.1
pemphigus,CIITA;BAX;CD79A;CD40LG;CD40;MMP9,19.1
osteonecrosis,LRP5;COG2;VWF;SERPINC1;SERPINE1;VEGFA,19.1
hellp syndrome,VWF;SERPINC1;SERPINE1;VEGFA;BCHE;LEP,19.1
hemolytic anemia,VWF;GCLC;UGT1A1;LCAT;T;CFB,19.1
disseminated intravascular coagulation,PIK3C2A;VWF;SELE;SERPINC1;SERPINF2;SERPINE1,19
severe acute respiratory syndrome,VWF;SERPINC1;SAA4;CD14;CD4;IL10,19
myotonic dystrophy,PIK3C2A;REN;GCG;LMNA;BCL2;LEP,19
bulimia nervosa,RETN;CNR1;CNR2;GCG;SERPINA7;NAMPT,19
retinal vein occlusion,VWF;SERPINC1;SERPINE1;VEGFA;LEP;MTHFR,18.9
sudden infant death syndrome,RET;PCK2;GCK;VEGFA;BMP2;KCNQ1,18.9
rubella,VDR;CD79A;CD40LG;IL10;IL12A;IL12B,18.9
protein s deficiency,PIK3C2A;RECK;RBP4;SERPINC1;SERPINE1;LMNA,18.9
sensorineural hearing loss,SERPINC1;SERPINE1;BDNF;MT-ND5;MT-TL1;MT-CO1,18.9
dengue hemorrhagic fever,GC;SERPINC1;VEGFA;LPL;VDR;CD40LG,18.9
fanconi's anemia,NAMPT;LMNA;BMP6;BMP7;LIPG;PARP1,18.9
leptospirosis,PIK3C2A;KIR2DS5;KIR3DS1;KIR3DL1;KIR2DS2;KIR2DL2,18.8
hyperlipoproteinemia type iii,COG2;SELE;SERPINE1;LPA;LPL;VCAM1,18.8
intrahepatic cholangiocarcinoma,SELL;SERPINA3;BCL2;LEPROT;BAX;MTTP,18.8
renal carcinoma,PIK3CG;SELP;VEGFA;VCAM1;LMNA;BMP6,18.7
medulloblastoma,PIK3R1;PIK3CG;BMP2;BMP7;PARP1;PAX6,18.7
paine syndrome,LPO;LEP;CD14;CDKN3;IL10;IL1A,18.7
pandas,PIK3CG;VDR;LIPA;XRCC1;XDH;CDKN2A,18.6
malignant mesothelioma,PIK3CG;GCLC;BTC;NAT2;VEGFA;VCAM1,18.6
carotid stenosis,COG2;REN;SELP;SERPINA12;LPA;LPL,18.6
reactive arthritis,SELE;BMP6;S100A12;CD79A;CD36;ITGAM,18.6
spondyloarthropathy,KIR2DS5;KIR3DS1;KIR3DL1;KIR2DS2;KIR2DL2;SELE,18.6
kidney cancer,VWF;SELE;SERPINE1;NAT2;VEGFA;VCAM1,18.6
adenomyosis,KIR3DL1;VEGFA;BCL2;XDH;ITGB3;MMP1,18.5
sporadic breast cancer,PIK3CG;NAT2;VEGFA;VDR;PARP1;BCHE,18.5
adult respiratory distress syndrome,SELE;SERPINC1;BCHE;XDH;MPO;CD14,18.5
iga glomerulonephritis,SELE;SELL;SERPINA1;NAGA;NAGLU;BMP6,18.5
silicosis,CLEC3B;B2M;MPO;CDKN2A;GSTP1;IL10,18.5
squamous cell carcinoma,PIK3CG;SELE;VEGFA;VCAM1;PARP1;BCL2,18.5
convulsions,PIK3C2A;NAGA;BDNF;SDHB;XDH;ATP1A2,18.5
bronchiectasis,SERPINA1;SERPINA3;CFTR;MPO;CD79A;CD36,18.5
cork-handlers' disease,SERPINE1;VEGFA;CFTR;AVP;MPO;CD40LG,18.5
q fever,SELE;SELL;VDR;CD79A;CD14;CD40LG,18.5
hernia,PIK3C2A;RBP4;PAX6;CGB7;CD36;CDKN1C,18.5
skin cancer,CNR1;CNR2;VDR;BCL2;BAX;MTHFR,18.4
alcohol abuse,COG2;CLEC3B;UROD;LCAT;B2M;AVP,18.4
follicular lymphoma,ZNF673;PDCD1;VEGFA;BMP6;BCL2;BAX,18.4
cutaneous malignant melanoma,SELE;SELP;VEGFA;PARP1;BCL2;BAX,18.4
gastrointestinal system disease,SELL;BCL2;CHGA;BAX;LAP3;CD28,18.4
li-fraumeni syndrome,NAT2;LPL;PARP1;BCL2;LEPR;XRCC1,18.4
esophageal carcinoma,VEGFA;BMP6;LCN2;BAX;MT2A;CGA,18.4
histiocytoma,BTC;SERPINA1;SERPINA3;VEGFA;LPL;BMP2,18.3
brain cancer,PIK3CG;GCG;NAT2;VEGFA;VDR;CLU,18.3
laryngeal cancer,SERPINA3;NAT1;NAT2;VEGFA;BCL2;BAX,18.3
pemphigus vulgaris,CIITA;CD79A;MMP9;IL10;IL12A;IL15,18.2
primary biliary cirrhosis,PDCD1;SELL;VDR;BGLAP;SCT;CIITA,18.2
visceral leishmaniasis,LPA;BMP6;CIITA;CD28;FOXP3;IL10,18.2
pulmonary embolism,PIK3C2A;SERPINC1;SERPINF2;SERPINE1;PAOX;MTHFR,18.2
osteomyelitis,NAGLU;BMP2;BAX;CD79A;CD36;CD40LG,18.2
cholelithiasis,LPXN;SCARB1;CHGA;UGT1A1;CD79A;CD40LG,18.2
cervical intraepithelial neoplasia,KIR3DL1;KIR2DL2;VWF;VEGFA;BMP6;CLEC3B,18.2
primary pulmonary hypertension,VWF;SELP;SERPINE1;BMP2;BMP4;BMP6,18.2
"prostate cancer, progression of",PIK3R1;RECK;SERPINE1;VEGFA;VDR;BMP2,18.2
takayasu's arteritis,SELE;SELP;SERPINC1;VCAM1;LBR;MTHFR,18.2
anoxia,RBP4;SELE;NAGLU;VCAM1;PARP1;KCNJ5,18.2
aspergillosis,CFTR;CD79A;CD4;IL10;IL15;IL1A,18.2
intrahepatic cholestasis,LPL;LIPC;BCL2;LCAT;BAX;LAP3,18.2
idiopathic myopathy,PIK3C2A;VCAM1;CD28;CD86;CD274;CD40,18.2
myopia 6,GCG;GC;VEGFA;VDR;PAX6;BDNF,18.1
barrett's esophagus,REG1A;VEGFA;BMP4;BCL2;LGR5;LCN2,18.1
ovarian hyperstimulation syndrome,REN;SERPINC1;VEGFA;BCHE;LEP;MTHFR,18.1
pneumoconiosis,SERPINE1;BMP6;BCL2;FTH1;GSTM1;GSTT1,18.1
brucellosis,LRP5;SELE;SELL;MPO;CD79A;CD14,18.1
human immunodeficiency virus infectious disease,KIR2DL2;SELL;B2M;KALRN;CD28;CD79A,18
adrenal hyperplasia,REN;GCG;BTD;SERPINA7;LEP;CGA,18
polycythemia vera,PIK3CG;VWF;SELP;SERPINC1;SERPINE1;MPO,18
retinopathy of prematurity,VEGFA;CDKN1C;FLT1;GSTM1;GSTT1;FGF2,18
fibrous histiocytoma,BTC;SERPINA1;SERPINA3;VEGFA;LPL;BMP2,18
intracranial aneurysm,REN;SERPINA1;SERPINE1;SERPINA3;VEGFA;LPA,18
leukopenia,SELL;SERPINC1;UGT1A1;MPO;FTH1;CD79A,18
fabry disease,VWF;SELE;SERPINC1;SERPINF2;NAGA;VDR,18
coronary stenosis,PIK3C2A;SELP;SERPINE1;LPA;LIPC;CETP,18
tuberous sclerosis,PIK3R1;PIK3CG;GC;VEGFA;BAX;CDKN3,18
chorioamnionitis,SERPINC1;BMP6;S100A12;MPO;MMP1;MMP8,18
familial adenomatous polyposis,SERPINE1;NAT1;NAT2;BMP6;CLU;CLIP1,17.9
scoliosis,VWF;SERPINC1;SERPINA1;VDR;BMP4;BGLAP,17.9
keratitis,VEGFA;VDR;PAX6;CIITA;S100A12;S100A8,17.9
adult-onset still's disease,CD4;CDKN3;MIF;IL18;IL1B;IL1R1,17.9
breast cancer susceptibility,RECK;NAT2;VEGFA;VDR;BCL2;MTHFR,17.9
gastroduodenitis,GCG;VEGFA;BMP6;SCT;CHGA;S100A8,17.9
pancreatic ductal adenocarcinoma,VEGFA;VCAM1;BMP6;BDNF;BCL2;CHGA,17.9
small-cell cancer of lung,PIK3CG;BCL2;SCT;CHGA;BAX;AXL,17.9
female breast cancer,SERPINE1;BCL2;LEP;LEPR;BAX;XRCC1,17.9
chronic myeloid leukemia,PIK3CG;KIR3DL1;SELP;BCL2;LEPR;AXL,17.9
protein-energy malnutrition,PC;RBP4;LEP;CFTR;MPO;CD79A,17.8
lacrimal duct obstruction,SELL;SERPINA1;BMP7;SCT;UMOD;XDH,17.8
hereditary pancreatitis,REG1A;GCG;SERPINA1;LPL;CLU;BCHE,17.8
malignant fibrous histiocytoma,BTC;SERPINA1;SERPINA3;VEGFA;LPL;BMP2,17.8
wheat allergic reaction,SELE;SELL;VCAM1;BDNF;CETP;CD28,17.8
mediastinitis,PIK3CG;SELE;CLU;SDHB;CGA;MPO,17.8
"thrombotic thrombocytopenic purpura, acquired",VWF;SELP;SERPINF2;SERPINE1;VEGFA;CD36,17.8
laryngeal squamous cell carcinoma,NAT2;VEGFA;CLU;BCL2;BAX;MTHFR,17.8
idiopathic pulmonary fibrosis,VCAM1;BMP6;LBR;CD36;MMP1;MMP9,17.8
thrombocytosis,VWF;SELP;SERPINC1;SERPINA7;SERPINF2;VEGFA,17.8
anterior uveitis,KIR2DS5;KIR3DS1;KIR3DL1;KIR2DS2;KIR2DL2;LCN2,17.7
pediatric cns embryonal cell carcinoma,PIK3CG;LRP6;BMP2;BMP4;BMP7;CHAT,17.7
contact dermatitis,CNR1;SELE;SELP;NAT2;VCAM1;LBR,17.7
monocytic leukemia,SELP;VEGFA;LPL;VCAM1;BMP6;PARP1,17.7
gingival overgrowth,CD36;ITGA2;ITGAL;MMP1;MMP8;FGF2,17.7
tardive dyskinesia,BDNF;MTNR1B;GSTM1;GSTP1;GSTT1;APOE,17.7
essential thrombocythemia,VWF;SELE;SELP;SERPINC1;SERPINE1;BGLAP,17.7
severe pre-eclampsia,SELP;SERPINC1;SERPINE1;VEGFA;VCAM1;LEP,17.7
polymyalgia rheumatica,VWF;SERPINA3;VEGFA;IL12A;IL12B;IL1A,17.6
growth retardation ,LMNA;BGLAP;CDKN1C;INSR;FGF23;ANGPT2,17.6
testicular germ cell tumor,LRP6;VEGFA;BAX;XRCC1;CGA;CDKN2B,17.6
cramps,PIK3C2A;REN;LIPE;LEP;UCP3;INS,17.6
mumps,UMOD;CFB;CD79A;CD4;CD40LG;IL18R1,17.6
mycosis fungoides,PDCD1;SELE;SELP;VCAM1;CLU;BCL2,17.6
venous thrombosis,VWF;SELP;SERPINC1;SERPINF2;SERPINE1;MTHFR,17.6
acute liver failure,GC;GTF3A;IL10;IL1B;IL6;IL8,17.5
anaplastic large cell lymphoma,RECK;SERPINA1;SERPINA3;CLU;PARP1;BCL2,17.5
gaucher's disease,VDR;BMP4;BGLAP;LDLR;MTHFR;CD36,17.5
endometrial adenocarcinoma,VEGFA;LNPEP;CLEC3B;BCL2;BAX;FSTL3,17.5
adenoiditis,SERPINA3;VEGFA;VCAM1;BMP6;CLU;BCL2,17.5
testicular cancer,SERPINE1;NAGLU;NAT2;BMP6;B2M;CGA,17.5
mastitis,LPO;CD14;ITGB2;IL1B;IL1R1;IL1RN,17.5
peripheral t-cell lymphoma,BMP6;BCL2;BAX;LBR;CD4;FOXP3,17.5
diphtheria,PIK3C2A;VEGFA;PARP1;BCL2;LEP;LBR,17.5
urethritis,BGLAP;CHGA;CD79A;IL8;IFNA2;ALPP,17.5
stomatitis,PIK3CG;VDR;BAX;CFTR;CD79A;CD69,17.5
variegate porphyria,PC;PCK2;BMP6;LIPC;UROD;CD79A,17.5
spastic paraparesis,PDCD1;KIR2DS5;KIR3DS1;KIR3DL1;KIR2DS2;KIR2DL2,17.4
duchenne muscular dystrophy,PIK3C2A;SERPINA7;LAP3;MSTN;MMP2;AR,17.4
hemorrhagic fever with renal syndrome,VCAM1;B2M;CD40LG;ITGA2B;ITGAM;ITGB3,17.4
hairy cell leukemia,RECK;LDLR;B2M;T;CD79A;CD40,17.4
myelofibrosis,SH2B3;VEGFA;BMP2;BMP6;BMP7;MPO,17.3
bacterial meningitis,PIK3C2A;SERPINA1;PARP1;CFP;MPO;MMP2,17.3
cerebral malaria,SELE;SELP;VCAM1;CD36;MIF;IL10,17.3
graft versus host disease,KIR3DL1;SELL;CD28;ITGAL;GZMB;IL10,17.3
cryoglobulinemia,VWF;SELE;VCAM1;BMP6;BCL2;CD79A,17.3
syncope,PIK3C2A;REN;KCNQ1;KCNJ5;SCN5A;MTHFR,17.3
alpha 1-antitrypsin deficiency,GC;SERPINC1;SERPINA1;SERPINE1;SERPINA3;VEGFA,17.2
multiple pterygium syndrome escobar type,VWF;VEGFA;BMP6;CLU;LDLR;XRCC1,17.2
b-cell lymphomas,CNR1;CLU;PARP1;BCL2;CIITA;BAX,17.2
typhoid fever,VDAC1;CFTR;CD79A;IL12B;IL18R1;IL1A,17.2
cerebral aneurysms,REN;SELP;SERPINA1;MMP14;MMP2;MMP9,17.2
childhood leukemia,BGLAP;BCL2;LEP;BAX;MTHFR;XRCC1,17.2
hyperprolactinemia,SELE;SELP;BGLAP;CGA;INS;IL2RB,17.2
biliary tract cancer,BTC;SERPINA1;VEGFA;VCAM1;BMP6;PARP1,17.1
secondary syphilis,LRP5;GC;VDR;BMP2;BMP4;BMP7,17.1
ankylosing spondylitis,SERPINA1;BGLAP;CD79A;CD40LG;IL1R1;IL1RAPL2,17.1
cleft palate,NAT1;NAT2;BMP2;BMP4;BMP6;MTHFR,17.1
bipolar affective disorder,BDNF;ATP2A2;MAOB;IGF1;HTR2A;HTR3A,17.1
hemoglobinuria,PIK3C2A;RECK;VWF;SELL;SELP;LBR,17.1
phenylketonuria,PCBD1;BTD;BGLAP;LBR;MTHFR;MAOB,17.1
b-cell non-hodgkin lymphoma,VEGFA;BCL2;BAX;MT-CO2;MTHFR;CD28,17.1
short bowel syndrome,GCG;LEP;CD79A;IL1B;CCK;IGES,17.1
intrahepatic cholestasis of pregnancy,BCL2;BAX;LAP3;IL2RA;APOE;GPT,17.1
newborn respiratory distress syndrome,SELL;S100A12;MPO;ITGAM;ITGB2;MIF,17.1
membranous glomerulonephritis,VEGFA;CLU;MTHFR;MPO;CD79A;ITGB2,17
chronic lymphocytic leukemia,PDE3B;SELL;LPL;BCL2;BAX;B2M,17
mayer-syndrome,LRP5;VDR;LIPE;LEPR;UCP1;MTHFR,17
pleurisy,MPO;GRP;IL10;IL18;IL1B;IL1RN,17
giant cell tumor,SERPINA3;VEGFA;BMP6;CLU;BGLAP;CD14,17
head injury,SELP;BDNF;CHAT;CD36;CD63;INS,17
crescentic glomerulonephritis,VCAM1;BMP6;MPO;CD79A;CD36;ITGAL,17
breast adenocarcinoma,SERPINE1;VEGFA;BMP6;PARP1;BCL2;KCNA3,17
toxic shock syndrome,PIK3C2A;SERPINC1;KCNMA1;CIITA;LBR;CD69,17
pemphigus foliaceus,BAX;CD79A;CD40LG;CD40;IL10;IL1A,17
spondylarthropathy,S100A8;B2M;ITGAL;ITGAM;IL10;IL1A,17
familial hyperlipidemia,COG2;LPA;LPL;LIPC;LDLR;LCAT,17
pulmonary plasma cell granuloma,SERPINA3;CIITA;S100A8;CD28;CD86;CD4,17
bronchiolitis obliterans,PIK3C2A;KIR2DS5;KIR3DL1;BMP6;MMP8;MMP9,16.9
multiple system atrophy,SERPINA3;BDNF;CHAT;CDK5;IL10;IL1A,16.9
liposarcoma,RET;GCGR;VEGFA;LPL;LIPE;PARP1,16.9
tropical spastic paraparesis,PDCD1;KIR2DS5;KIR3DS1;KIR3DL1;KIR2DS2;KIR2DL2,16.9
malignant pleural mesothelioma,RET;NAT1;NAT2;VEGFA;BMP6;BCL2,16.9
hypokalemia,PIK3C2A;REN;KCNQ1;KCNJ5;CFTR;AVP,16.9
back pain,SERPINE1;VDR;CD36;MMP9;INS;IL1A,16.9
obsessive-compulsive disorder,BDNF;IL6;APOE;CCK;AMPH;HTR2A,16.9
gallbladder carcinoma,SELE;VEGFA;BCL2;BAX;CDKN2A;MMP1,16.9
mycobacterial infection,PIK3CG;SERPINA1;CIITA;CFTR;IL10;IL12B,16.9
neuroectodermal tumors,BMP2;PAX4;PARP1;BCL2;CHGA;XDH,16.9
oligodendroglioma,PDE3B;VEGFA;BCHE;BCL2;CHGA;BAX,16.9
allergic contact dermatitis of eyelid,CNR1;SELE;SELP;NAT2;VCAM1;LBR,16.9
hereditary leiomyomatosis and renal cell cancer,VEGFA;BCL2;BAX;GSTM1;FGF2;IL10,16.9
papilloma,RET;KIR3DL1;VEGFA;PARP1;BCL2;BAX,16.8
complex regional pain syndrome,LPO;CD14;CDKN3;IL10;IL1A;IL1B,16.8
human t-cell leukemia virus type 1,PDCD1;VCAM1;BCL2;CD274;CDKN3;CDK4,16.8
boomerang dysplasia,REG1A;LMNA;CLU;BCL2;LBR;S100A8,16.8
acute pyelonephritis,NAGLU;NAMPT;UGT1A1;MMP9;MIF;IL1A,16.8
"osteoporosis, postmenopausal",LRP5;GC;VDR;BGLAP;CD36;IL1A,16.8
clear cell renal cell carcinoma,SERPINE1;VEGFA;T;CDK4;MMP2;MMP9,16.8
aphthous stomatitis,VDR;CD69;CD40;IL10;IL12A;IL1A,16.8
carotid artery disease,COG2;SELE;LPA;CD14;MMP1;MMP8,16.7
letterer-siwe disease,AVP;CD40;INS;IL10;IL1B;IL1R1,16.7
urolithiasis,NAGLU;VDR;UMOD;XDH;AR;IL1A,16.7
nephrosis,RECK;SERPINC1;SERPINF2;LPL;B2M;IL10,16.7
seminoma,REG1A;RET;SELE;VCAM1;LNPEP;BCL2,16.7
breast-ovarian cancer,SERPINE1;CLEC3B;PARP1;BCL2;MTHFR;XRCC1,16.7
guillain-barre syndrome,CD79A;CD40LG;MMP9;IL10;APOE;FAS,16.7
"leukemia/lymphoma, t-cell",VCAM1;PARP1;BCL2;MTHFD1;AXL;MPO,16.7
renovascular hypertension,REN;SERPINC1;CLIP1;INS;FBN1;ALB,16.7
benign tumors,PIK3CG;VEGFA;SDHB;LEP;CHGA;CDKN1C,16.7
pulmonary hypertension,PIK3CG;BMP2;BMP4;UTS2;FLT1;FGA,16.7
paget's disease of bone,VDR;BGLAP;B2M;CD36;FGF2;IL1B,16.7
vogt-koyanagi-harada disease,KIR2DS5;KIR3DS1;KIR3DL1;KIR2DS2;KIR2DL2;MIF,16.7
tangier disease,SELP;LPA;LPL;CLU;LCAT;CETP,16.7
plasmodium falciparum malaria,RBP4;SELE;CD36;ITGB2;MIF;GSR,16.7
arteriovenous malformation,PIK3C2A;REN;VEGFA;MMP9;FLT1;IL1B,16.7
optic neuritis,MT-ND5;MT-ND4;MT-ND1;CD86;CD40LG;CD80,16.7
adrenocortical tumor,RET;VEGFA;SDHB;SCARB1;CHGA;CGB7,16.7
febrile seizures,CNR1;BDNF;MMP9;IL10;IL1A;IL1B,16.6
renal osteodystrophy,VDR;BMP7;BGLAP;LEP;B2M;CD36,16.6
substance abuse,CNR1;NAT1;BDNF;CD4;MAOB;GPT,16.6
thyrotoxicosis,LMOD1;BGLAP;SDHB;LEP;MTHFR;CGA,16.6
serous glue ear,SELL;VCAM1;BMP6;CD79A;ITGAL;MMP2,16.6
transsexualism,SERPINA7;LPL;VDR;LIPC;BGLAP;LEP,16.6
von willebrand's disease,PIK3C2A;VWF;SELP;SERPINC1;MTHFR;P2RY12,16.6
paroxysmal nocturnal hemoglobinuria,RECK;VWF;SELP;LBR;MTHFR;CD14,16.6
autoimmune hemolytic anemia,VWF;T;MPO;CD79A;CD40LG;IL10,16.6
carotid intimal medial thickness,SERPINE1;LPL;MTHFR;CETP;ITGB3;INS,16.6
severe congenital neutropenia,SELL;NAT2;MPO;ITGAM;ITGB2;IL18R1,16.6
haemophilus influenzae,PIK3CG;VDAC1;BAMBI;MPO;MED1;IL10,16.6
neurocirculatory asthenia,SELP;MMP1;GSR;IL10;IL1B;IL1RN,16.6
differentiating neuroblastoma,PDE3B;RET;BMP2;BDNF;BCL2;CHGA,16.6
toxic encephalopathy,PIK3CG;PARP1;BDNF;BCHE;BCL2;CHAT,16.6
cluster headache,SELE;SERPINA1;VCAM1;MTHFR;S100A12;CD40LG,16.5
amyotrophic lateral sclerosis (als),VEGFA;BCL2;BAX;CDK5;MMP2;MMP9,16.5
keratoconjunctivitis,VEGFA;VCAM1;CFTR;CD79A;CD36;CD86,16.5
inclusion body myositis,SERPINA3;VCAM1;LMNA;CLU;BCL2;LDLR,16.5
acute lymphocytic leukemia,SERPINC1;VEGFA;LPL;PBX1;BCL2;BAX,16.5
glanders,PDE3B;RETN;LEP;LEPR;CFTR;CELA3B,16.5
abetalipoproteinemia,REN;LPA;LPL;BGLAP;LEP;LCAT,16.5
subacute thyroiditis,NAGLU;BGLAP;FGF2;IL1B;IL1R1;IL1RN,16.5
pure red-cell aplasia,PIK3C2A;CHGA;CD79A;CD40LG;GZMB;IL2,16.5
myxoma,SERPINA3;VEGFA;BCL2;CD36;MMP1;MMP2,16.5
prolactinoma,BMP2;BMP4;PBX1;BGLAP;CHGA;CGA,16.5
pulmonary emphysema,SERPINA1;VEGFA;BAX;CDKN2A;MMP1;MMP14,16.5
oral cavity cancer,NAT2;VEGFA;PARP1;BAX;MPO;GSTM1,16.5
adult t-cell leukemia,BCL2;CIITA;CDKN2B;CD4;CD40;ITGAL,16.5
brain ischemia,SELP;VEGFA;PARP1;BDNF;MT-CO1;XDH,16.5
leiomyosarcoma,REN;SERPINA3;VEGFA;BCL2;CHGA;BAX,16.5
echinococcosis,MT-CO1;XDH;CFTR;CD79A;IL10;IL12B,16.4
cystic fibrosis lung disease,RECK;GCLC;SERPINA1;CFTR;MPO;IL10,16.4
collagen disease,VWF;VEGFA;CD36;FGA;FGF2;IL10,16.4
tourette syndrome,CNR1;BDNF;CD79A;IL10;IL12B;IL1B,16.4
nonencapsulated sclerosing carcinoma,RET;VEGFA;LMOD1;BCL2;CHGA;BAX,16.4
glanzmann's thrombasthenia,RECK;VWF;NAGLU;LPO;MTHFR;ITGA2,16.4
allergic encephalomyelitis,BMP6;CIITA;FTH1;CD86;CD80;ITGAL,16.4
varicocele,PARP1;XDH;CGA;GSTM1;GSTT1;IL8,16.4
pancreatic islet cell tumors,RET;PCSK1;GCGR;CHGA;MMP2;MMP9,16.4
alcoholic pancreatitis,NAT2;LPL;SCT;XDH;CFTR;GSTM1,16.4
lung benign neoplasm,PIK3CG;SELP;BMP2;BMP4;CHGA;XRCC1,16.4
albinism,RECK;GCG;NAT1;NAT2;PAX6;SCARB1,16.4
lichen sclerosus,VWF;CD69;CDKN2A;ITGAL;GZMB;AR,16.4
venous insufficiency,SELL;SELP;SERPINE1;VCAM1;MTHFR;ITGAL,16.4
bacterial vaginosis,LAP3;MMP8;FLT1;IL10;IL1A;IL1B,16.4
small cell carcinoma,VEGFA;BCL2;SCT;CHGA;BAX;B2M,16.4
autoimmune myocarditis,CIITA;LCN2;CD274;ITGB2;IL2;CCL2,16.4
oral submucous fibrosis,CD36;MMP1;MMP2;MMP8;MICA;GSTM1,16.4
proliferative glomerulonephritis,SELP;VEGFA;MPO;CD79A;CD36;FGF2,16.3
protein c deficiency,SERPINC1;SERPINF2;SERPINE1;MTHFR;CFP;FGA,16.3
pulmonary sarcoidosis,SELL;LBR;CD80;ITGAL;ITGAM;IL12B,16.3
paracoccimycosis,PDCD1;BMP6;CD28;CD4;GSR;IL10,16.3
food allergy,GCG;NAT2;S100A8;CETP;CD14;FOXP3,16.3
cor pulmonale,REN;VWF;SERPINC1;PAOX;FGF2;MB,16.3
macroglobulinemia,PIK3CG;VEGFA;LPL;PARP1;BCL2;BAX,16.3
endemic goiter,RBP4;SERPINA7;LMOD1;BMP6;CGA;GSR,16.3
portal vein thrombosis,REN;SELP;SERPINC1;SERPINE1;MTHFR;APOH,16.3
microscopic polyangiitis,KIR3DS1;KIR3DL1;SELE;MPO;IL10;IL2RA,16.3
melanoma metastasis,SELP;VEGFA;VCAM1;CDKN2A;CD63;ITGA2,16.3
hypophosphatemia,VDR;BGLAP;B2M;FGF2;FGF23;IL18R1,16.3
cutaneous lupus erythematosus,SELE;CD79A;CD40LG;IL10;IL12B;IL18,16.3
non-small cell lung carcinoma,VEGFA;BMP2;PARP1;BCL2;CHGA;BAX,16.3
gastrinoma,GCG;SCT;CHGA;CDKN2A;INS;GRP,16.3
factor v leiden thrombophilia,VWF;SERPINC1;SERPINF2;SERPINA1;SERPINE1;P2RY12,16.3
multinodular goiter,VEGFA;LEP;GSR;IL1A;IL1B;IFNG,16.3
ppm-x syndrome,CNR1;BDNF;MAOB;CCK;HTR2A;HTR3A,16.2
hypercalciuria,REN;NAGLU;VDR;BGLAP;B2M;FGF23,16.2
meningococcal infection,CFP;GSR;IL10;IL18R1;IL1B;IL1RN,16.2
retinal artery occlusion,SERPINC1;SERPINE1;MTHFR;ITGB3;IL10;IL6,16.2
tetralogy of fallot,REN;BBS1;BBS2;BBS4;BBS7;MTHFR,16.2
extrinsic allergic alveolitis,MPO;CD79A;CD14;IL10;IL1B;IL6,16.2
mantle cell lymphoma,PIK3CG;CNR1;CNR2;SELL;VEGFA;PARP1,16.2
anxiety disorder,CNR1;BDNF;MAOB;CCK;HTR2A;HTR3A,16.2
ductal carcinoma in situ,SERPINE1;VEGFA;PAX6;BCL2;CHGA;BAX,16.2
ureteral obstruction,SELL;BMP6;BMP7;CLU;MPO;CD36,16.2
balanitis,BGLAP;PARP1;BDNF;BCHE;BCL2;BAX,16.2
cerebral artery occlusion,SELP;SERPINE1;VEGFA;PARP1;BDNF;MPO,16.2
hypoproteinemia,LPA;LPL;LIPC;LDLR;LCAT;CETP,16.2
periostitis,VEGFA;BMP2;BMP4;BMP7;BGLAP;CD36,16.2
subacute sclerosing panencephalitis,MMP9;IL10;IL12B;IL1B;IL1R1;IL2,16.2
pancreatic endocrine tumors,PCSK1;GCG;SELE;BCL2;CHGA;CDKN2A,16.2
hemangioma,RET;VWF;SELE;VEGFA;LMOD1;CLU,16.2
monoclonal gammopathy of undetermined significance,VWF;VCAM1;B2M;CD79A;CDKN2B;CD40LG,16.1
"sycp3-related pregnancy loss, susceptibility to",SERPINC1;PAPPA;MTHFR;CGA;CGB7;CD40LG,16.1
infectious mononucleosis,B2M;CD28;CD79A;CD4;CD40LG;IMMT,16.1
osteomalacia,GC;VDR;CLU;BGLAP;CD36;GSTM1,16.1
asbestosis,SERPINA1;MPO;GSTM1;GSTP1;GSTT1;IL6,16.1
ependymoma,RBP4;VEGFA;MTHFR;CDKN2B;CDKN2A;CDK4,16.1
prostate carcinoma,NAT2;VEGFA;VDR;BMP6;PARP1;MTHFR,16.1
acute graft versus host disease,KIR3DL1;GZMB;IL10;IL15;IL18;IL1R1,16.1
hemoglobinopathy,VWF;BTD;UGT1A1;CFB;ASIP;HSPG2,16.1
cerebral primitive neuroectodermal tumor,BMP2;BCL2;CHGA;CDKN2A;CDK4;IRS1,16.1
neuroendocrine carcinoma,GCG;VEGFA;BCL2;CHGA;CD79A;CDKN2A,16
cardiac sarcoidosis,S100A8;IL12B;IL15;IL1A;IL1B;IFNG,16
thrombasthenia,RECK;VWF;NAGLU;MTHFR;ITGA2;ITGA2B,16
"acute lymphoblastic leukemia, childhood",NAT1;PARP1;LEPR;BAX;MTHFR;MTHFD1,16
ovarian endometriosis,VEGFA;RARRES2;BCL2;BAX;AXL;FSTL3,16
ulceration of vulva,SCT;S100A8;XDH;MMP1;MMP8;GSR,16
nephroblastoma,REN;VWF;SERPINC1;BMP2;PAX6;UMOD,16
obstructive lung disease,REN;SERPINA1;SERPINA3;FAS;ALB;CALCA,16
calcinosis,PIK3C2A;LMNA;FGF23;FBN1;ENPP1;GPT,16
chronic granulomatous disease,SELE;S100A8;MPO;CD79A;CD14;CD40LG,16
psoriatic arthritis,SELE;MMP1;IL1A;IL1B;IL1RAPL2;ANGPT2,16
venous tributary occlusion of retina,VWF;SERPINC1;SERPINF2;SERPINE1;LPA;FGA,15.9
ectopic pregnancy,PIK3C2A;CNR1;VEGFA;VCAM1;LNPEP;BMP6,15.9
nasopharynx carcinoma,NAT2;PARP1;BCL2;BAX;MT2A;XRCC1,15.9
angiosarcoma,PIK3CG;VWF;SERPINA3;VEGFA;CHAT;CDKN2A,15.9
ptosis,LPL;PARP1;PAX6;BCL2;BAX;CDKN3,15.9
bannayan-syndrome,PIK3R1;KIF7;BCL2;CHGA;CDKN3;IRS1,15.9
gallbladder disease,UGT1A1;CETP;INS;IL10;APOA1;APOB,15.9
pelvic inflammatory disease,CLEC3B;LCN2;MPO;MMP2;MMP9;CCL2,15.9
t cell deficiency,VCAM1;PARP1;BCL2;BAX;CD79A;CD4,15.9
second hyperthyroid,VDR;BMP7;BGLAP;B2M;CD36;FGF23,15.9
carcinoid tumors,RET;PCSK1;GCG;BCL2;SCT;CHGA,15.9
cerebral amyloid angiopathy,SERPINA3;BCHE;MMP9;IL1A;IL6;APOE,15.9
megakaryoblastic leukemia,VWF;SELP;VDR;BMP6;MPO;CD36,15.9
rectal cloacogenic carcinoma,RECK;NAT1;NAT2;CGB7;CDKN2B;MMP14,15.9
chordoma,SERPINA3;VEGFA;VCAM1;T;CDKN2B;CDKN2A,15.8
aicardi-goutieres syndrome,PC;GC;BTD;SERPINA3;BCHE;SDHB,15.8
stevens-johnson syndrome,CD79A;MMP2;MMP9;GZMB;IL4;FASLG,15.8
waldenstrom macroglobulinemia,PIK3CG;VEGFA;PARP1;BCL2;BAX;CD40LG,15.8
angioedema,SERPINC1;SERPINA1;BDKRB2;LCAT;CETP;CD69,15.8
pleomorphic adenoma,BMP2;BMP6;BCL2;CD36;CDKN2A;MMP2,15.8
prion disease,CNR1;SERPINA3;CLU;BDNF;CIITA;CHAT,15.8
large granular lymphocyte leukemia,PIK3CG;BCL2;LBR;IL10;IL15;IL18,15.8
tongue cancer,PDCD1;VEGFA;BCL2;BAX;CD69;CDKN2A,15.8
drug-induced hepatitis,NAT1;NAT2;UGT1A1;GSTM1;GSTT1;GPT,15.8
vernal keratoconjunctivitis,VEGFA;VCAM1;CD36;CD86;MMP1;MMP8,15.8
hyperalproteinemia,LPL;LIPC;SCARB1;LDLR;LCAT;CETP,15.7
chronic pain,CNR2;LEP;CHAT;CHGA;IL10;IL6,15.7
cutaneous t cell lymphoma,SELE;SELL;BAX;CDKN2B;ITGAL;GZMB,15.7
lepromatous leprosy,VDR;ITGB2;IL10;IL12B;IL18;IL1RN,15.7
splenomegaly,VEGFA;LIPA;LCAT;ITGB2;GRP;IL10,15.7
virilization,LEP;MT-CO1;CGA;AR;INS;IGF2,15.7
osteopenia-osteop,VDR;BMP2;BGLAP;LEP;CD36;IGFBP5,15.7
churg-strauss syndrome,AVP;MPO;IL10;IL2;IL2RA;IL4,15.7
neuroectodermal endocrine syndrome,RET;LEP;INS;IL6;IFNA1;GNAS,15.7
fragile x-associated primary ovarian,REN;CGA;MSBP1;INS;INSR;IGFBP1,15.7
cervical squamous cell carcinoma,CLEC3B;BCL2;BAX;CD28;CDKN2A;CD40,15.6
adrenal adenoma,REN;GCG;KCNJ5;LDLR;CGA;CDKN1C,15.6
abrikosov's tumor,SERPINA1;VEGFA;PAPPA;BCL2;CHGA;CGA,15.6
hemophagocytic lymphohistiocytosis,MYO5A;FTH1;GZMB;IL18;IL2;IL2RA,15.6
glioblastoma,PIK3CG;VEGFA;PARP1;BAX;CDKN2B;CDKN2A,15.6
cholesteatoma,VEGFA;LCN2;S100A8;CDKN2A;ITGAL;MMP1,15.6
colorectal adenoma and carcinoma,RETN;VEGFA;BCL2;LEP;BAX;XRCC1,15.6
malignant hypertension,REN;VWF;APOH;TRPC3;CYP1A1;EDN1,15.5
lymphoproliferative syndrome,KIR3DL1;BCL2;LBR;B2M;CD4;CD40LG,15.5
bladder urothelial papillary carcinoma,VEGFA;CLU;PARP1;BCL2;CDKN2A;CDK4,15.5
intrauterine infections,MMP8;IL10;IL1A;IL1B;IL1R1;IL4,15.5
glycogen storage disease type ia,VWF;BTD;LPL;SCARB1;IL8;APOA4,15.5
gastroschisis,BMP6;MTHFR;MPO;IL6;F5;ICAM1,15.5
membraproliferative ,VCAM1;LCAT;CFP;CD79A;ITGAL;IL6,15.5
ovarian cyst,VEGFA;CGA;MMP1;MMP2;MMP8;MMP9,15.4
anaplastic astrocytoma,VEGFA;CDKN2B;CDKN2A;CDK4;MMP2;MMP9,15.4
acute mountain sickness,PIK3C2A;VEGFA;BDKRB2;FLT1;MB;ENO2,15.4
malt lymphoma,BCL2;S100A8;CD79A;CDKN2B;CDKN2A;CD80,15.4
follicular adenoma,RET;LMOD1;CDKN2B;MMP1;MMP14;AR,15.4
hyperphosphatemia,VDR;BMP2;BGLAP;FGF23;ALB;ALPL,15.4
relapsing-remitting multiple sclerosis,BDNF;MMP9;IL10;IL18;IL1RN;IL2RA,15.4
peyronies disease,SERPINA1;BMP6;MSTN;CD36;CCL2;IFNA2,15.4
mccune albright syndrome,LMOD1;BGLAP;FGF23;APC;IGFBP3;IGF1,15.4
hypertensive heart disease,CD36;MMP1;MMP9;AOC3;ANXA5;CACNA1B,15.4
leukoplakia,NAT2;BCL2;BAX;XRCC1;CDKN2A;ITGA2,15.4
leukomalacia,VEGFA;IL18;IL18R1;IL1B;IL1R1;IL6,15.4
myostatin-related muscle hypertrophy,PIK3R1;BMP4;BMP6;LEP;LEPR;MSTN,15.4
hepatitis e,CD40LG;FGB;GPT;IFNA1;IFNA2;IFNG,15.4
carcinoid syndrome,VEGFA;CHGA;UGT1A1;MLN;ENO2;IGF1,15.4
toxic epidermal necrolysis,MPO;MMP2;MMP9;GZMB;IL2;FASLG,15.4
periapical granuloma,MMP8;IL1A;IL2;IL2RA;IL4;CCL2,15.3
paraneoplastic syndromes,CD79A;GSR;FGF23;IMMT;IL2;IL5,15.3
fibrous dysplasia,BGLAP;UMOD;CD36;CDKN2A;AR;FGF23,15.3
hypocalcemia,PIK3C2A;VDR;BGLAP;CD36;FGF23;APC,15.3
glucocorticoid resistance,REN;BCL2;CD28;MIF;GRP;IL10,15.3
interstitial lung disease,BMP6;LBR;ITGAM;GRP;IL1A;IL1R1,15.3
factor vii deficiency,VEGFA;CHGA;UGT1A1;FGF2;IL2;MB,15.2
barrett's adenocarcinoma,VEGFA;XRCC1;CDKN2A;GSTM1;GSTM2;GSTP1,15.2
clostridium difficile,BCL2;BAX;CD79A;CD14;CD40LG;IL1B,15.2
aplastic anemia,SBDS;GZMB;GSTM1;GSTT1;FASLG;FAS,15.2
primary hyperparathyroidism,RET;VDR;PBX1;BGLAP;SCT;CHGA,15.2
familial precocious puberty,LEP;CGA;APC;IGFBP3;IGF1;GNAS,15.2
gastric adenocarcinoma,NAT1;NAT2;BCL2;CHGA;BAX;S100A8,15.2
adenoid cystic carcinoma,SERPINA3;VEGFA;VCAM1;BMP6;BCL2;BAX,15.2
familial prostate cancer,VDR;PBX1;AR;GSTM1;GSTP1;GSTT1,15.2
uterine fibroid,LEPR;IGFBP1;IGF2;IGF1;GNRH1;ESR1,15.2
pancreatic ductal carcinoma,BCL2;CHGA;MMP14;AR;GSTP1;ANGPT2,15.1
amyloid tumor,SERPINA3;CHAT;SAA4;B2M;APOA2;APOE,15.1
periventricular leukomalacia,VEGFA;IL18;IL18R1;IL1B;IL1R1;IL6,15.1
castleman's disease,VEGFA;B2M;IL10;IL5;IL6;IL6R,15.1
21-hydroxylase deficiency,SERPINA3;IL2RA;IL2RB;GPT;IFNA1;IFNA2,15.1
trachoma,CD79A;FOXP3;FGF2;IL10;IL4;MBL2,15
keloids,PIK3CG;SERPINE1;BMP6;CD36;MMP1;MMP8,15
thyroid adenoma,RET;SERPINA7;BGLAP;BCL2;ITGB2;FLNB,15
pseudothyroidism,REN;NAGLU;BGLAP;APC;IGF1;GNAS,15
paraganglioma,REN;RET;BCL2;SDHB;CHGA;CDKN2A,14.9
neuroepithelioma,RET;LEP;CHAT;B2M;GRP;ENO2,14.9
teratoma,RET;GCG;BCL2;BAX;CGA;CGB7,14.9
"thyroid cancer, follicular",RET;VEGFA;LMOD1;BMP6;CD36;CDKN3,14.9
adrenocortical carcinoma,UTS2;SCARB1;CHGA;CDKN1C;IGF1R;IGF2,14.8
leydig cell tumor,SCARB1;CGA;INSL3;INSR;APC;ENO2,14.8
achalasia,RET;CHAT;ATP2A2;GRP;IL10;IL2,14.8
primary effusion lymphoma,SELL;VEGFA;VDR;PARP1;BCL2;SDC1,14.7
thyroid medullary carcinoma,RET;CHGA;B2M;GZMB;GRP;IL2,14.7
breast cyst,SERPINA7;SERPINA3;BMP6;CD4;FGF2;GRP,14.7
htlv-1 associated myelopathy,PDCD1;VDR;CD274;IL2;IL2RA;FASLG,14.5
parathyroid adenoma,RET;VDR;BGLAP;BCL2;CHGA;CDKN2B,14.4
fasciitis,PIK3C2A;BMP6;MMP1;INS;IL10;IL5,14.1
papillary thyroid carcinoma,RET;BAX;APC;ANGPT2;MAPK10;MAPK1,14.1
vulvar cancer,VWF;IL2;IL6;MAPK8;MAPK1;ALB,14.1
